{"IcoMoonType":"selection","icons":[{"icon":{"paths":["M225.835 414.165l256 256c16.683 16.683 43.691 16.683 60.331 0l256-256c16.683-16.683 16.683-43.691 0-60.331s-43.691-16.683-60.331 0l-225.835 225.835-225.835-225.835c-16.683-16.683-43.691-16.683-60.331 0s-16.683 43.691 0 60.331z"],"attrs":[],"isMulticolor":false,"isMulticolor2":false,"tags":["chevron-down"],"grid":24},"attrs":[],"properties":{"id":47,"order":12,"prevSize":24,"code":59649,"name":"chevron-down"},"setIdx":0,"setId":3,"iconIdx":46},{"icon":{"paths":["M670.165 737.835l-225.835-225.835 225.835-225.835c16.683-16.683 16.683-43.691 0-60.331s-43.691-16.683-60.331 0l-256 256c-16.683 16.683-16.683 43.691 0 60.331l256 256c16.683 16.683 43.691 16.683 60.331 0s16.683-43.691 0-60.331z"],"attrs":[],"isMulticolor":false,"isMulticolor2":false,"tags":["chevron-left"],"grid":24},"attrs":[],"properties":{"id":48,"order":13,"prevSize":24,"code":59650,"name":"chevron-left"},"setIdx":0,"setId":3,"iconIdx":47},{"icon":{"paths":["M414.165 798.165l256-256c16.683-16.683 16.683-43.691 0-60.331l-256-256c-16.683-16.683-43.691-16.683-60.331 0s-16.683 43.691 0 60.331l225.835 225.835-225.835 225.835c-16.683 16.683-16.683 43.691 0 60.331s43.691 16.683 60.331 0z"],"attrs":[],"isMulticolor":false,"isMulticolor2":false,"tags":["chevron-right"],"grid":24},"attrs":[],"properties":{"id":49,"order":11,"prevSize":24,"code":59648,"name":"chevron-right"},"setIdx":0,"setId":3,"iconIdx":48},{"icon":{"paths":["M798.165 609.835l-256-256c-16.683-16.683-43.691-16.683-60.331 0l-256 256c-16.683 16.683-16.683 43.691 0 60.331s43.691 16.683 60.331 0l225.835-225.835 225.835 225.835c16.683 16.683 43.691 16.683 60.331 0s16.683-43.691 0-60.331z"],"attrs":[],"isMulticolor":false,"isMulticolor2":false,"tags":["chevron-up"],"grid":24},"attrs":[],"properties":{"id":50,"order":14,"prevSize":24,"code":59651,"name":"chevron-up"},"setIdx":0,"setId":3,"iconIdx":49}],"height":1024,"metadata":{"name":"icomoon"},"preferences":{"showGlyphs":true,"showQuickUse":true,"showQuickUse2":true,"showSVGs":true,"fontPref":{"prefix":"icon-","metadata":{"fontFamily":"icomoon"},"metrics":{"emSize":1024,"baseline":6.25,"whitespace":50},"embed":false},"imagePref":{"prefix":"icon-","png":true,"useClassSelector":true,"color":0,"bgColor":16777215,"classSelector":".icon"},"historySize":50,"showCodes":true,"gridSize":16}}